{
    "min_": [
        0.5000635790510559,
        0.592211101322928,
        0.49921604369909867,
        0.43286641913063856,
        0.5471711106800914,
        0.5668159062944834
    ],
    "scale_": [
        0.006373564954676637,
        0.007735540957728372,
        0.006373571463193033,
        0.02772118940499778,
        0.015678204938951504,
        0.031239490761962134
    ],
    "data_min_": [
        -78.45900726,
        -76.55716705,
        -78.32595062,
        -15.61500168,
        -34.90011215,
        -18.14421082
    ],
    "data_max_": [
        78.4390564,
        52.71627426,
        78.57195282,
        20.45848656,
        28.88269997,
        13.86655426
    ],
    "data_range_": [
        156.89806366,
        129.27344131,
        156.89790344,
        36.07348824,
        63.78281212,
        32.01076508
    ]
}