model,accuracy,precision,recall,f1_score,roc_auc,mcc,specificity,log_loss
CNN,0.5080623843510441,0.338355802273328,0.6666666666666666,0.44887088720992513,0.5,0.0,0.3333333333333333,0.6930045226718046
CNN_LSTM,0.9188474755485064,0.9037211600049427,0.9386567578418915,0.9207176794198549,0.9638485744340609,0.8384937005666112,0.8984171666004809,0.21221193370053715
LSTM,0.507269362939466,0.1712926249008723,0.3333333333333333,0.22629649030906232,0.5,0.0,0.6666666666666666,0.6931067285482359
